City_ID,City,Country,Lat,Lng,Max Temp,Humidity,Cloudiness,Wind Speed,Current Description
0,Avarua,CK,-21.2078,-159.775,82.45,78,20,12.66,few clouds
1,Filadelfia,US,39.9523,-75.1638,53.49,23,0,13.8,clear sky
2,Ushuaia,AR,-54.8,-68.3,35.26,87,20,4.61,few clouds
3,Victoria,HK,22.2855,114.1577,81.97,85,100,18.01,overcast clouds
4,Mayo,US,38.8876,-76.5119,52.11,66,0,1.01,clear sky
5,Mataura,NZ,-46.1927,168.8643,60.91,70,89,2.77,overcast clouds
6,Sao Filipe,CV,14.8961,-24.4956,70.95,69,9,8.03,clear sky
7,Te Anau,NZ,-45.4167,167.7167,59.32,71,100,5.35,overcast clouds
8,Zheleznodorozhnyy,RU,55.7503,38.0042,36.95,77,81,9.44,broken clouds
9,Dicabisagan,PH,17.0818,122.4157,87.48,65,90,7.52,overcast clouds
10,Tucuma,BR,-0.1833,-50.05,75.78,95,100,4.7,overcast clouds
11,Naze,JP,28.3667,129.4833,67.12,79,100,9.91,light rain
12,Daur,PK,26.4583,68.3192,85.91,14,8,8.84,clear sky
13,Auki,SB,-8.7676,160.7034,82.83,75,93,2.48,overcast clouds
14,Bambous Virieux,MU,-20.3428,57.7575,76.21,83,75,2.3,broken clouds
15,Pachino,IT,36.7186,15.0907,58.6,61,41,3.0,scattered clouds
16,Billings,US,45.7833,-108.5007,44.37,81,100,9.22,overcast clouds
17,Puerto Ayora,EC,-0.7393,-90.3518,71.38,92,55,5.19,broken clouds
18,Ilulissat,GL,69.2167,-51.1,19.42,73,100,23.02,overcast clouds
19,Bhadrachalam,IN,17.6667,80.8833,98.46,33,40,7.65,scattered clouds
20,Nanchong,CN,30.7951,106.0847,61.21,75,100,11.1,overcast clouds
21,Norman Wells,CA,65.282,-126.8329,42.84,52,20,9.22,few clouds
22,Albany,US,42.6001,-73.9662,45.28,40,1,6.91,clear sky
23,Busselton,AU,-33.65,115.3333,66.18,54,0,2.8,clear sky
24,Pacific Grove,US,36.6177,-121.9166,58.68,75,0,5.01,clear sky
25,Provideniya,RU,64.3833,-173.3,33.85,89,99,12.35,overcast clouds
26,Kimbe,PG,-5.5502,150.1429,86.52,69,98,1.57,light rain
27,Rikitea,PF,-23.1203,-134.9692,77.13,68,100,16.15,overcast clouds
28,Faya,SA,18.3851,42.4509,59.11,49,36,2.89,scattered clouds
29,Arraial Do Cabo,BR,-22.9661,-42.0278,75.11,87,3,9.98,clear sky
30,Vao,NC,-22.6667,167.4833,74.01,76,100,24.92,overcast clouds
31,Portland,US,45.5234,-122.6762,54.18,88,100,3.44,moderate rain
32,Kholmsk,RU,47.0511,142.0569,38.8,52,60,15.37,broken clouds
33,Dunedin,NZ,-45.8742,170.5036,58.8,75,87,7.0,overcast clouds
34,Bredasdorp,ZA,-34.5322,20.0403,54.05,87,20,6.98,few clouds
35,Carmo Do Rio Claro,BR,-20.9719,-46.1189,64.11,75,27,3.44,scattered clouds
36,Vostok,RU,46.4856,135.8833,54.59,24,100,1.79,overcast clouds
37,Georgetown,MY,5.4112,100.3354,89.53,70,40,5.99,scattered clouds
38,Vaini,TO,-21.2,-175.2,73.56,100,100,5.75,light rain
39,Nikolskoye,RU,59.7035,30.7861,35.87,76,19,4.99,few clouds
40,Lamballe,FR,48.4676,-2.5144,49.8,88,100,8.19,overcast clouds
41,Ciudad Guayana,VE,8.3533,-62.6528,78.53,91,44,5.53,scattered clouds
42,Huadian,CN,42.9633,126.7478,54.63,26,28,21.9,scattered clouds
43,Suba,PH,10.8438,121.0102,83.46,73,99,1.16,overcast clouds
44,Toktogul,KG,41.8708,72.9402,64.81,61,53,0.98,broken clouds
45,Fortuna,US,40.5982,-124.1573,56.66,71,100,4.61,overcast clouds
46,Kruisfontein,ZA,-34.0033,24.7314,57.88,82,42,13.6,scattered clouds
47,Mar Del Plata,AR,-38.0023,-57.5575,45.88,72,0,3.44,clear sky
48,Estelle,US,29.8458,-90.1067,75.2,68,0,4.61,clear sky
49,Cidreira,BR,-30.1811,-50.2056,60.12,65,0,3.85,clear sky
50,Beyneu,KZ,45.3167,55.2,74.61,18,100,14.9,overcast clouds
51,San Cristobal,VE,7.7669,-72.225,73.58,96,78,3.36,broken clouds
52,Soyo,AO,-6.1349,12.3689,74.14,96,100,12.3,heavy intensity rain
53,Lagoa,PT,39.05,-27.9833,60.73,86,26,19.01,scattered clouds
54,Coxim,BR,-18.5067,-54.76,79.3,45,99,4.7,overcast clouds
55,Cabra,ES,37.4725,-4.4421,52.3,73,2,2.98,clear sky
56,Mogadishu,SO,2.0371,45.3438,82.69,77,29,9.4,light rain
57,Muros,ES,42.7762,-9.0603,52.84,91,28,3.53,scattered clouds
58,Meulaboh,ID,4.1363,96.1285,85.62,68,100,0.83,overcast clouds
59,Jardim,BR,-21.4803,-56.1381,74.39,73,82,6.04,broken clouds
60,Saint-Philippe,RE,-21.3585,55.7679,76.21,82,44,14.45,scattered clouds
61,Nizwa,OM,22.9333,57.5333,89.13,32,11,7.92,few clouds
62,Port Alfred,ZA,-33.5906,26.891,56.17,81,41,5.01,scattered clouds
63,Vaitape,PF,-16.5167,-151.75,81.34,72,13,17.02,few clouds
64,Clinton,US,42.587,-82.9199,48.52,61,100,3.44,overcast clouds
65,Ginir,ET,7.1333,40.7,58.93,87,24,3.85,few clouds
66,Butaritari,KI,3.0707,172.7902,81.54,77,48,9.15,scattered clouds
67,Ovalle,CL,-30.5983,-71.2003,59.22,75,100,2.01,overcast clouds
68,Kapaa,US,22.0752,-159.319,82.38,82,75,16.11,broken clouds
69,Grand Gaube,MU,-20.0064,57.6608,76.37,71,5,3.0,clear sky
70,Saldanha,ZA,-33.0117,17.9442,50.05,84,60,6.62,broken clouds
71,Kieta,PG,-6.2167,155.6333,83.16,77,26,3.62,light rain
72,Cedar City,US,37.6775,-113.0619,50.97,25,0,5.75,clear sky
73,Geraldton,AU,-28.7667,114.6,77.41,33,0,16.11,clear sky
74,Hobart,AU,-42.8794,147.3294,60.66,55,75,18.41,broken clouds
75,Noumea,NC,-22.2763,166.4572,80.58,99,100,15.77,overcast clouds
76,Loandjili,CG,-4.7561,11.8578,73.51,94,20,8.05,light rain
77,Tilichiki,RU,60.4667,166.1,30.79,86,14,9.24,few clouds
78,Chicama,PE,-7.8447,-79.1469,63.14,78,100,4.43,overcast clouds
79,Punta Arenas,CL,-53.15,-70.9167,30.31,86,0,5.75,clear sky
80,Wilmington,US,34.2257,-77.9447,67.86,74,0,3.44,clear sky
81,Dikson,RU,73.5069,80.5464,18.25,93,100,20.04,light snow
82,Kashary,RU,49.04,41.0056,49.66,71,89,11.25,overcast clouds
83,Qaanaaq,GL,77.484,-69.3632,7.86,71,52,8.34,broken clouds
84,Tasiilaq,GL,65.6145,-37.6368,28.38,88,59,7.02,broken clouds
85,New Norfolk,AU,-42.7826,147.0587,60.3,61,51,5.01,broken clouds
86,Ivangorod,RU,59.3716,28.2162,33.6,67,35,3.06,scattered clouds
87,Yeppoon,AU,-23.1333,150.7333,80.38,74,41,14.43,scattered clouds
88,Salalah,OM,17.0151,54.0924,84.29,74,40,4.61,scattered clouds
89,Calama,CL,-22.4667,-68.9333,41.49,19,0,17.27,clear sky
90,Bluff,NZ,-46.6,168.3333,61.56,73,99,8.08,overcast clouds
91,Severo-Kurilsk,RU,50.6789,156.125,35.98,84,91,16.98,overcast clouds
92,Yurginskoye,RU,56.8189,67.3921,39.49,44,76,8.16,broken clouds
93,Wanning,CN,18.8003,110.3967,78.55,85,100,9.1,overcast clouds
94,Cairns,AU,-16.9167,145.7667,76.1,88,75,12.66,light rain
95,Basco,PH,20.4487,121.9702,82.99,70,89,9.35,overcast clouds
96,Chapais,CA,49.7834,-74.8492,31.78,94,8,5.86,clear sky
97,Laguna,US,38.421,-121.4238,73.38,29,0,9.22,clear sky
98,Hermanus,ZA,-34.4187,19.2345,52.81,81,56,7.09,broken clouds
99,Khatanga,RU,71.9667,102.5,16.09,88,99,16.82,overcast clouds
100,Flin Flon,CA,54.7682,-101.865,32.36,98,19,3.18,few clouds
101,Cabo San Lucas,MX,22.8909,-109.9124,81.7,62,21,14.76,few clouds
102,Jalu,LY,29.0331,21.5482,63.75,61,0,8.79,clear sky
103,Port Elizabeth,ZA,-33.918,25.5701,61.32,73,0,10.0,clear sky
104,Marystown,CA,47.1666,-55.1483,43.86,100,100,8.01,overcast clouds
105,Atar,MR,20.5169,-13.0499,73.31,20,81,8.41,broken clouds
106,Klaksvik,FO,62.2266,-6.589,45.52,76,100,9.04,overcast clouds
107,Beloha,MG,-25.1667,45.05,63.36,74,0,7.31,clear sky
108,Banda Aceh,ID,5.5577,95.3222,86.14,69,100,9.15,overcast clouds
109,Husavik,IS,66.0449,-17.3389,41.97,83,26,3.74,scattered clouds
110,Gubbi,IN,13.3106,76.9444,87.15,46,13,7.16,few clouds
111,Chuy,UY,-33.6971,-53.4616,49.41,77,14,2.75,few clouds
112,Toora-Khem,RU,52.4675,96.11,60.08,29,77,4.0,broken clouds
113,Tuktoyaktuk,CA,69.4541,-133.0374,28.4,86,20,6.91,few clouds
114,Castro,BR,-24.7911,-50.0119,57.06,97,99,8.01,overcast clouds
115,Ponta Do Sol,PT,32.6667,-17.1,63.72,58,29,2.51,scattered clouds
116,Bartica,GY,6.4,-58.6167,79.12,99,8,2.21,clear sky
117,Grindavik,IS,63.8424,-22.4338,43.27,87,75,5.75,broken clouds
118,Lac Du Bonnet,CA,50.2536,-96.0612,42.12,97,100,8.37,moderate rain
119,Pevek,RU,69.7008,170.3133,18.9,83,100,10.76,overcast clouds
120,Thompson,CA,55.7435,-97.8558,37.56,70,40,3.44,scattered clouds
121,Monywa,MM,22.1167,95.1333,101.3,29,54,12.24,broken clouds
122,Cherskiy,RU,68.75,161.3,14.74,86,96,6.64,overcast clouds
123,Saint-Augustin,CA,51.226,-58.6502,36.09,87,100,21.59,overcast clouds
124,Makaha,US,21.4694,-158.2175,82.31,64,75,9.22,broken clouds
125,Zhanaozen,KZ,43.3,52.8,64.89,51,100,13.27,overcast clouds
126,Aykhal,RU,66.0,111.5,34.95,100,100,8.3,light snow
127,Carnarvon,AU,-24.8667,113.6333,84.27,28,0,16.11,clear sky
128,Chute-Aux-Outardes,CA,49.1168,-68.399,37.38,75,100,8.05,overcast clouds
129,Lasa,IT,46.6166,10.7002,49.08,96,100,2.01,overcast clouds
130,Bethel,US,41.3712,-73.414,50.31,25,0,4.61,clear sky
131,Igrim,RU,63.1906,64.4162,32.29,81,11,10.58,few clouds
132,Rabo De Peixe,PT,37.8,-25.5833,65.28,87,75,10.36,mist
133,Sundby,DK,54.864,11.793,43.05,90,89,5.84,overcast clouds
134,Wexford,IE,52.3342,-6.4575,47.21,81,100,1.36,overcast clouds
135,Saint-Francois,FR,46.4154,3.9054,44.04,93,100,3.44,fog
136,Mindelo,CV,16.8901,-24.9804,69.35,68,20,16.11,few clouds
137,Mackay,AU,-21.15,149.2,83.68,78,40,18.41,scattered clouds
138,Isangel,VU,-19.55,169.2667,80.71,83,75,9.22,broken clouds
139,Aklavik,CA,68.2191,-135.0107,30.09,94,45,8.23,scattered clouds
140,Ribeira Grande,PT,38.5167,-28.7,61.83,88,11,15.88,few clouds
141,Barrow,US,71.2906,-156.7887,15.82,79,100,18.41,overcast clouds
142,Columbus,US,39.9612,-82.9988,57.72,40,75,6.91,broken clouds
143,Nizhniye Vyazovyye,RU,55.7988,48.5248,41.49,66,91,10.65,overcast clouds
144,Cape Town,ZA,-33.9258,18.4232,57.11,91,75,4.61,broken clouds
145,Kapuskasing,CA,49.4169,-82.4331,42.89,33,20,5.75,few clouds
146,Iberia,US,29.9502,-91.7507,69.96,77,0,6.91,clear sky
147,Kodiak,US,57.79,-152.4072,42.31,81,100,29.93,light rain
148,Sorong,ID,-0.8833,131.25,83.97,72,84,8.39,broken clouds
149,Ponta Delgada,PT,37.7333,-25.6667,66.51,94,75,10.36,mist
150,Plettenberg Bay,ZA,-34.0527,23.3716,56.66,84,24,9.64,few clouds
151,Hilo,US,19.7297,-155.09,77.29,85,100,12.66,moderate rain
152,Coahuayana,MX,18.7333,-103.6833,70.79,84,11,1.86,few clouds
153,Bengkulu,ID,-3.8004,102.2655,84.4,69,16,6.06,few clouds
154,Yanam,IN,16.7333,82.2167,97.43,43,31,6.02,scattered clouds
155,Oxbow,CA,49.2333,-102.1676,34.65,90,100,9.8,overcast clouds
156,Oranjemund,NA,-28.55,16.4333,50.94,86,0,5.73,clear sky
157,Jamestown,US,42.097,-79.2353,44.24,50,0,5.75,clear sky
158,Cayenne,GF,4.9333,-52.3333,82.09,1,75,7.0,broken clouds
159,Cabras,IT,39.93,8.5314,50.18,72,0,5.5,clear sky
160,Guerrero Negro,MX,27.9769,-114.0611,59.29,81,12,16.42,few clouds
161,Prieska,ZA,-29.6641,22.7474,51.22,51,0,2.98,clear sky
162,Yakeshi,CN,49.2833,120.7333,42.89,26,26,15.1,scattered clouds
163,East London,ZA,-33.0153,27.9116,61.74,67,0,12.66,clear sky
164,Bambanglipuro,ID,-7.95,110.2833,86.49,66,12,3.91,few clouds
165,Neuquen,AR,-38.9516,-68.0591,39.09,87,0,0.0,clear sky
166,Abu Dhabi,AE,24.4667,54.3667,82.51,66,0,9.22,clear sky
167,North Platte,US,41.1239,-100.7654,53.49,83,100,23.0,light rain
168,Novyye Lapsary,RU,56.0685,47.2142,38.91,56,20,8.95,few clouds
169,Codrington,AU,-38.2667,141.9667,62.26,49,97,19.48,overcast clouds
170,Okhotsk,RU,59.3833,143.3,40.08,71,80,3.44,broken clouds
171,Nichinan,JP,31.6,131.3667,64.08,62,45,8.72,scattered clouds
172,Cockburn Town,TC,21.4612,-71.1419,76.93,72,100,19.57,overcast clouds
173,Bacolod,PH,10.6667,122.95,88.93,63,52,9.75,broken clouds
174,Yellowknife,CA,62.456,-114.3525,32.56,59,20,8.05,few clouds
175,Lumeje,AO,-11.55,20.7833,59.16,78,64,5.26,broken clouds
176,Chokurdakh,RU,70.6333,147.9167,22.08,89,17,9.04,few clouds
177,Barguzin,RU,53.6167,109.6167,39.22,97,100,4.74,moderate rain
178,Manggar,ID,-2.8833,108.2667,87.62,62,77,4.5,broken clouds
179,Torbay,CA,47.6666,-52.7314,38.88,96,100,4.0,fog
180,Tankhoy,RU,51.5528,105.1306,48.54,88,99,4.9,overcast clouds
181,Erenhot,CN,43.6475,111.9767,50.58,12,0,17.0,clear sky
182,Baghdad,IQ,33.3406,44.4009,69.71,64,0,5.75,clear sky
183,Guhagar,IN,17.4842,73.1929,91.38,47,4,3.67,clear sky
184,Nuuk,GL,64.1835,-51.7216,21.81,68,20,23.02,few clouds
185,Adrar,MR,20.5022,-10.0711,70.74,20,18,9.84,few clouds
186,Atuona,PF,-9.8,-139.0333,79.12,73,100,15.93,overcast clouds
187,Avera,US,33.194,-82.5271,66.25,68,48,7.4,scattered clouds
188,Leningradskiy,RU,69.3833,178.4167,20.34,88,98,15.17,overcast clouds
189,Tuatapere,NZ,-46.1333,167.6833,61.48,73,99,8.03,overcast clouds
190,Yulara,AU,-25.2406,130.9889,71.44,49,98,17.27,overcast clouds
191,Kangaba,ML,11.9333,-8.4167,83.64,47,86,6.6,overcast clouds
192,Margate,GB,51.3813,1.3862,45.88,77,29,4.0,scattered clouds
193,Bubaque,GW,11.2833,-15.8333,76.57,69,94,15.14,overcast clouds
194,Hervey Bay,AU,-25.2986,152.8535,80.02,68,32,5.99,scattered clouds
195,Zeya,RU,53.75,127.2667,46.24,23,77,7.16,broken clouds
196,Mezen,RU,65.8522,44.24,25.93,86,84,8.05,broken clouds
197,Kismayo,SO,-0.3582,42.5454,81.93,79,12,9.06,few clouds
198,Sebinkarahisar,TR,40.2883,38.4236,54.43,66,75,2.48,broken clouds
199,Port Hardy,CA,50.6996,-127.4199,50.18,71,100,17.27,overcast clouds
200,Nizhniy Kuranakh,RU,58.8353,125.4869,41.38,44,78,3.29,broken clouds
201,Goderich,CA,43.7501,-81.7165,40.91,70,31,6.91,scattered clouds
202,Maumere,ID,-8.6199,122.2111,85.77,68,90,4.7,overcast clouds
203,Sao Joao Da Barra,BR,-21.6403,-41.0511,71.8,88,2,5.19,clear sky
204,Polunochnoye,RU,60.8697,60.4153,35.69,59,9,8.9,clear sky
205,Ubauro,PK,28.1652,69.7289,100.29,14,0,3.71,clear sky
206,Nagua,DO,19.3832,-69.8474,71.62,74,64,4.5,broken clouds
207,Ozernovskiy,RU,51.5,156.5167,35.96,80,68,3.4,broken clouds
208,Raudeberg,NO,61.9875,5.1352,38.07,69,50,2.44,scattered clouds
209,Lakselv,NO,70.0513,24.9718,30.02,69,20,20.71,few clouds
210,Hofn,IS,64.2539,-15.2082,45.79,66,11,4.61,few clouds
211,Rancho Palos Verdes,US,33.7445,-118.387,64.53,78,0,8.05,clear sky
212,Zhangjiakou,CN,40.81,114.8794,56.46,12,0,18.45,clear sky
213,Kaitangata,NZ,-46.2817,169.8464,58.69,71,95,3.44,overcast clouds
214,Airai,TL,-8.9266,125.4092,77.65,45,79,3.74,broken clouds
215,Saint Anthony,US,45.0205,-93.218,53.96,86,100,18.41,overcast clouds
216,Vengerovo,RU,55.6848,76.7471,63.45,54,23,6.82,few clouds
217,Jilove,CZ,50.7608,14.1038,48.9,79,99,2.93,overcast clouds
218,Nedjo,ET,9.5046,35.5019,62.1,62,12,1.48,few clouds
219,Namibe,AO,-15.1961,12.1522,72.05,77,35,3.96,scattered clouds
220,Rio Grande,BR,-32.035,-52.0986,43.95,70,2,3.09,clear sky
221,Evensk,RU,61.95,159.2333,41.54,60,20,10.04,few clouds
222,Luderitz,NA,-26.6481,15.1594,54.07,73,0,11.39,clear sky
223,Lixourion,GR,38.2019,20.4314,61.99,68,84,2.68,broken clouds
224,Vila Franca Do Campo,PT,37.7167,-25.4333,66.2,95,30,7.76,light rain
225,Hithadhoo,MV,-0.6,73.0833,85.1,72,55,9.26,broken clouds
226,Humberto De Campos,BR,-2.5983,-43.4611,74.53,93,84,3.78,broken clouds
227,Karpathos,GR,35.507,27.2132,64.36,82,95,33.38,overcast clouds
228,Bonavista,CA,48.6499,-53.1147,34.72,99,100,9.57,overcast clouds
229,Hovd,MN,48.0056,91.6419,56.62,16,0,5.55,clear sky
230,San Quintin,MX,30.4833,-115.95,57.87,83,0,6.46,clear sky
231,Morondava,MG,-20.2833,44.2833,74.57,78,0,3.78,clear sky
232,Itaituba,BR,-4.2761,-55.9836,72.93,98,100,2.21,overcast clouds
233,Upington,ZA,-28.4478,21.2561,44.98,87,0,5.75,clear sky
234,Sola,VU,-13.8833,167.55,86.67,74,75,0.0,light rain
235,Gorin,RU,51.1983,136.6669,43.97,51,15,6.76,few clouds
236,Clyde River,CA,70.4692,-68.5914,10.63,72,75,13.8,broken clouds
237,Ventspils,LV,57.3894,21.5606,26.53,93,0,0.0,clear sky
238,Minot,US,48.2325,-101.2963,43.02,81,100,4.61,overcast clouds
239,Nisia Floresta,BR,-6.0911,-35.2086,75.58,85,88,4.81,light rain
240,Aguimes,ES,27.9054,-15.4461,61.43,59,20,17.27,few clouds
241,Sapozhok,RU,53.9419,40.6806,39.96,75,27,8.01,scattered clouds
242,Belmonte,BR,-15.8631,-38.8828,74.53,85,9,4.34,clear sky
243,Somerset East,ZA,-32.7217,25.588,48.47,88,0,1.68,clear sky
244,Sabang,ID,5.8933,95.3214,84.31,73,100,12.26,overcast clouds
245,Caucaia,BR,-3.7361,-38.6531,75.15,86,75,10.36,broken clouds
246,Teguldet,RU,57.3064,88.1667,66.54,50,99,8.79,overcast clouds
247,Oum Hadjer,TD,13.2954,19.6966,87.19,23,97,7.96,overcast clouds
248,Price,US,39.5994,-110.8107,47.12,29,0,12.66,clear sky
249,Mufulira,ZM,-12.5498,28.2407,60.1,81,100,3.27,overcast clouds
250,Kalmunai,LK,7.4167,81.8167,86.58,68,67,5.26,broken clouds
251,Mora,CM,11.0461,14.1401,85.66,42,87,3.62,overcast clouds
252,Constitucion,CL,-35.3333,-72.4167,51.75,62,18,6.44,few clouds
253,Plainview,US,40.7765,-73.4673,53.51,32,0,8.05,clear sky
254,Francisco Sa,BR,-16.4758,-43.4883,62.74,77,0,7.2,clear sky
255,Port Lincoln,AU,-34.7333,135.8667,64.2,57,42,13.89,scattered clouds
256,Juneau,US,58.3019,-134.4197,50.0,91,20,6.91,few clouds
257,Newport,GB,51.5877,-2.9984,41.52,84,55,5.79,broken clouds
258,Hearst,CA,49.6835,-83.6665,32.25,92,100,5.06,overcast clouds
259,Oktyabrskiy,RU,54.4815,53.471,40.84,50,6,7.27,clear sky
260,Dimapur,IN,25.9,93.7333,73.38,88,75,3.44,mist
261,Ruwi,OM,23.5996,58.5507,89.29,37,22,4.97,few clouds
262,Vuktyl,RU,63.8567,57.3094,29.14,90,100,2.28,light snow
263,San Luis,AR,-33.295,-66.3356,48.29,50,5,6.96,clear sky
264,Koltubanovskiy,RU,52.9407,52.0269,43.36,50,100,7.36,overcast clouds
265,Mareeba,AU,-17.0,145.4333,71.47,62,95,7.78,overcast clouds
266,Sehithwa,BW,-20.4667,22.7167,61.74,47,12,4.65,few clouds
267,Alice Springs,AU,-23.7,133.8833,71.15,60,17,16.11,few clouds
268,Mto Wa Mbu,TZ,-3.35,35.85,67.24,94,86,3.87,overcast clouds
269,Saskylakh,RU,71.9167,114.0833,32.59,94,100,14.7,overcast clouds
270,Seoul,KR,37.5683,126.9778,63.97,52,40,11.5,scattered clouds
271,Agadez,NE,19.75,10.25,83.84,7,100,6.69,overcast clouds
272,Joshimath,IN,30.5667,79.5667,74.8,35,33,6.02,scattered clouds
273,Lensk,RU,60.7253,114.9278,37.31,98,100,5.7,overcast clouds
274,Lompoc,US,34.6391,-120.4579,61.93,75,0,23.0,clear sky
275,Mahebourg,MU,-20.4081,57.7,77.25,83,75,2.3,broken clouds
276,Moussoro,TD,13.6408,16.4901,86.18,35,72,5.84,broken clouds
277,Narsaq,GL,60.9167,-46.05,41.22,80,100,2.21,overcast clouds
278,Fayaoue,NC,-20.65,166.5333,77.07,71,100,22.93,overcast clouds
279,Souillac,MU,-20.5167,57.5167,73.78,83,75,2.3,broken clouds
280,Maniitsoq,GL,65.4167,-52.9,9.61,76,45,10.07,scattered clouds
281,Badarwas,IN,24.9667,77.5667,96.75,19,4,13.65,clear sky
282,Zhicheng,CN,30.2956,111.5047,60.82,82,100,2.91,moderate rain
283,Esperance,AU,-33.8667,121.9,67.84,61,23,7.99,few clouds
284,Touros,BR,-5.1989,-35.4608,75.16,83,97,9.22,overcast clouds
285,Rio Gallegos,AR,-51.6226,-69.2181,33.85,86,0,6.91,clear sky
286,Pimentel,PE,-6.8367,-79.9342,66.0,86,100,12.41,overcast clouds
287,Tolbazy,RU,54.0241,55.8825,40.33,55,100,9.8,overcast clouds
288,Asfi,MA,32.2994,-9.2372,61.61,71,100,5.59,overcast clouds
289,Mitu,CO,1.1983,-70.1733,71.38,99,94,4.03,moderate rain
290,Catuday,PH,16.2923,119.8062,87.04,60,100,3.11,overcast clouds
291,Matara,LK,5.9485,80.5353,87.44,67,87,10.25,overcast clouds
292,Tiksi,RU,71.6872,128.8694,34.21,71,100,16.53,overcast clouds
293,Priladozhskiy,RU,59.85,31.4833,32.54,1,67,6.69,broken clouds
294,Sawtell,AU,-30.3833,153.1,78.82,57,87,11.5,overcast clouds
295,Rincon,US,32.296,-81.2354,70.86,68,20,4.61,few clouds
296,Upernavik,GL,72.7868,-56.1549,12.76,88,100,23.02,overcast clouds
297,Limbe,CM,4.0242,9.2149,77.02,86,100,4.81,overcast clouds
298,Urcos,PE,-13.6861,-71.6228,49.89,92,94,4.74,overcast clouds
299,Beira,MZ,-19.8436,34.8389,66.29,93,20,3.44,few clouds
300,Orel,RU,52.9658,36.0803,39.81,80,93,7.81,overcast clouds
301,Verkhnevilyuysk,RU,63.4453,120.3167,45.63,69,41,12.19,scattered clouds
302,Hun,LY,29.1268,15.9477,62.64,46,4,6.67,clear sky
303,Salta,AR,-24.7859,-65.4117,55.99,83,75,4.61,broken clouds
304,San Policarpo,PH,12.1791,125.5072,84.31,72,100,7.07,overcast clouds
305,Lata,PT,40.1629,-8.3327,55.08,73,0,2.01,clear sky
306,Harper,LR,4.375,-7.7169,79.93,83,53,7.4,light rain
307,Nanga Eboko,CM,4.6833,12.3667,66.9,99,100,1.72,overcast clouds
308,Boca Do Acre,BR,-8.7522,-67.3978,73.83,84,98,1.72,overcast clouds
309,Alpoyeca,MX,17.6667,-98.5167,74.5,58,23,4.9,few clouds
310,Praia,CV,14.9215,-23.5087,68.54,73,20,14.97,few clouds
311,Huarmey,PE,-10.0681,-78.1522,67.33,87,89,5.53,overcast clouds
312,Chara,RU,56.9064,118.2631,38.52,45,58,5.66,broken clouds
313,Pecos,US,31.4229,-103.4932,77.86,7,0,9.22,clear sky
314,Vaxjo,SE,56.8777,14.8091,36.57,100,56,3.44,mist
315,Zhigansk,RU,66.7697,123.3711,33.39,93,35,24.47,scattered clouds
316,Kaita,JP,34.3667,132.55,62.15,50,45,5.82,scattered clouds
317,Jacareacanga,BR,-6.2222,-57.7528,74.62,82,100,2.15,overcast clouds
318,Whitehorse,CA,60.7161,-135.0538,40.01,72,75,4.61,broken clouds
319,Pingxiang,CN,27.6167,113.85,59.07,95,100,2.68,moderate rain
320,Mecca,SA,21.4267,39.8261,86.09,35,0,2.17,clear sky
321,Vila Velha,BR,-20.3297,-40.2925,71.94,93,0,1.14,clear sky
322,Chunoyar,RU,57.4467,97.3217,61.79,74,100,8.81,overcast clouds
323,Linaon,PH,9.9499,122.4483,83.84,73,42,7.34,scattered clouds
324,Rawson,AR,-43.3002,-65.1023,48.13,49,42,8.77,scattered clouds
325,Gamba,GA,-2.65,10.0,76.26,93,100,8.81,light rain
326,Neepawa,CA,50.2289,-99.4664,43.2,95,100,13.0,overcast clouds
327,Mahajanga,MG,-15.7167,46.3167,69.82,94,20,4.61,few clouds
328,Talnakh,RU,69.4865,88.3972,16.21,86,81,8.52,broken clouds
329,Pisco,PE,-13.7,-76.2167,66.25,77,0,8.05,clear sky
330,Kyshtovka,RU,56.555,76.6271,55.54,69,89,10.02,overcast clouds
331,Kenora,CA,49.8167,-94.4337,40.17,93,100,10.36,moderate rain
332,Preobrazheniye,RU,42.9019,133.9064,48.56,62,100,11.7,overcast clouds
333,Totness,SR,5.8833,-56.3167,77.13,89,82,9.53,broken clouds
334,College,US,64.8569,-147.8028,58.95,32,20,0.0,few clouds
335,Umm Lajj,SA,25.0213,37.2685,84.69,29,0,9.15,clear sky
336,Port Macquarie,AU,-31.4333,152.9167,76.89,84,95,7.92,overcast clouds
337,San Andres Del Rabanedo,ES,42.6117,-5.6167,53.78,83,0,2.3,clear sky
338,Calvinia,ZA,-31.4707,19.776,37.22,100,75,5.75,fog
339,Doha,QA,25.2867,51.5333,78.78,69,0,6.91,clear sky
340,Hasaki,JP,35.7333,140.8333,61.29,56,34,17.34,scattered clouds
341,Cozumel,MX,20.5083,-86.9458,78.94,77,4,8.01,clear sky
342,Ciudad Bolivar,VE,8.1222,-63.5497,82.49,67,51,11.16,broken clouds
343,Phayakkhaphum Phisai,TH,15.5163,103.1937,84.72,66,100,1.92,overcast clouds
344,Kharp,RU,66.8014,65.8081,22.64,94,74,5.23,snow
345,Rocha,UY,-34.4833,-54.3333,44.46,83,0,3.33,clear sky
346,Itarema,BR,-2.9248,-39.9167,77.83,85,100,7.47,overcast clouds
347,Kavieng,PG,-2.5744,150.7967,84.15,70,89,3.8,light rain
348,Tamandare,BR,-8.7597,-35.1047,76.71,80,100,5.08,overcast clouds
349,Eyl,SO,7.9803,49.8164,84.02,73,44,5.61,scattered clouds
350,Lebu,CL,-37.6167,-73.65,48.18,80,0,14.41,clear sky
351,Necochea,AR,-38.5473,-58.7368,44.19,63,28,7.09,scattered clouds
352,Vredendal,ZA,-31.6683,18.5012,52.27,90,0,2.55,clear sky
353,Longyearbyen,SJ,78.2186,15.6401,6.64,72,20,9.22,few clouds
354,Kingman,US,35.1894,-114.053,72.88,7,0,6.91,clear sky
355,Westerly,US,41.3776,-71.8273,49.89,54,0,6.91,clear sky
356,Kavaratti,IN,10.5669,72.642,85.93,75,100,12.71,moderate rain
357,Maracacume,BR,-2.0428,-45.9592,72.75,98,91,2.86,overcast clouds
358,Greymouth,NZ,-42.4667,171.2,59.07,81,88,5.1,overcast clouds
359,Tromso,NO,69.6496,18.957,29.37,86,75,4.61,broken clouds
360,Aberdeen,GB,57.1437,-2.0981,45.09,96,75,8.05,broken clouds
361,Sangar,RU,63.9242,127.4739,35.02,79,54,8.9,broken clouds
362,Sulangan,PH,11.1373,123.7228,83.75,71,23,7.47,few clouds
363,Buala,SB,-8.145,159.5921,83.05,75,100,4.16,moderate rain
364,Sheboygan,US,43.7333,-87.9334,53.58,55,20,8.05,few clouds
365,Talcahuano,CL,-36.7167,-73.1167,47.88,87,0,9.22,clear sky
366,Vinh,VN,18.6667,105.6667,83.82,74,99,8.05,overcast clouds
367,Katsuura,JP,35.1333,140.3,55.0,61,24,19.01,few clouds
368,Maputo,MZ,-25.9653,32.5892,64.22,77,20,7.0,few clouds
369,Alihe,CN,50.5667,123.7167,43.59,36,96,9.78,overcast clouds
370,Gornopravdinsk,RU,60.05,69.9,36.43,49,27,6.26,scattered clouds
371,Srednekolymsk,RU,67.45,153.6833,24.24,77,98,3.96,overcast clouds
372,Riverton,US,40.5219,-111.9391,50.58,35,0,4.61,clear sky
373,Coffs Harbour,AU,-30.3,153.1333,78.76,57,92,11.5,overcast clouds
374,Nome,US,64.5011,-165.4064,42.17,71,95,11.52,overcast clouds
375,Baykit,RU,61.67,96.37,43.16,76,66,12.35,broken clouds
376,Port Moresby,PG,-9.4431,147.1797,89.02,62,40,17.27,scattered clouds
377,Poum,NC,-20.2333,164.0167,77.32,71,49,10.78,scattered clouds
378,Aripuana,BR,-9.1667,-60.6333,74.57,78,77,1.97,broken clouds
379,Wadi Maliz,TN,36.4681,8.5495,47.86,65,75,2.86,broken clouds
380,Petropavlovka,RU,50.6114,105.3196,56.53,38,100,6.02,light rain
381,Pangnirtung,CA,66.1451,-65.7125,1.24,91,18,8.61,few clouds
382,Manakara,MG,-22.1333,48.0167,65.26,84,2,6.38,clear sky
383,Zhuhai,CN,22.2769,113.5678,84.85,83,40,14.97,scattered clouds
384,Mahon,ES,39.8885,4.2658,52.36,71,0,8.05,clear sky
385,Placer,US,39.0666,-120.7677,55.22,60,85,5.5,overcast clouds
386,Bathsheba,BB,13.2167,-59.5167,81.21,89,40,16.11,scattered clouds
387,Sapele,NG,5.8941,5.6767,74.73,90,91,2.51,overcast clouds
388,Moose Factory,CA,51.2585,-80.6094,32.0,69,0,8.05,clear sky
389,Etchoropo,MX,26.7667,-109.6667,75.42,53,51,9.93,broken clouds
390,Mugan,CN,35.9404,101.3842,40.01,64,100,7.58,overcast clouds
391,Saint George,US,37.1041,-113.5841,70.39,17,0,9.22,clear sky
392,Argelia,CO,2.2556,-77.2488,64.94,97,56,0.76,light rain
393,Chumikan,RU,54.7183,135.315,37.35,63,94,2.59,overcast clouds
394,Kudahuvadhoo,MV,2.6708,72.8944,85.71,72,93,11.74,overcast clouds
395,Ivaipora,BR,-24.2478,-51.6847,64.51,95,58,8.5,broken clouds
396,Mnogovershinnyy,RU,53.9353,139.9242,31.3,96,100,7.74,light snow
397,Tiznit,MA,29.5833,-9.5,63.84,46,26,3.67,scattered clouds
398,Coquimbo,CL,-29.9533,-71.3436,58.73,82,100,2.3,overcast clouds
399,Santa Cruz,BO,-17.8,-63.1667,65.66,88,40,12.66,scattered clouds
400,Sawakin,SD,19.1059,37.3321,81.63,52,4,5.1,clear sky
401,Abha,SA,18.2164,42.5053,58.82,54,0,0.0,clear sky
402,Russellville,US,35.2784,-93.1338,74.14,71,0,3.44,clear sky
403,Chima,IN,30.6854,76.0863,100.89,11,0,2.62,clear sky
404,Talagang,PK,32.9297,72.4158,91.36,22,1,9.06,clear sky
405,Khowst,AF,33.3833,69.8833,82.51,18,0,0.76,clear sky
406,Ishigaki,JP,24.3448,124.1572,77.13,83,75,12.66,broken clouds
407,Abdanan,IR,32.9926,47.4198,63.21,66,50,7.18,scattered clouds
408,Pasco,US,28.292,-82.4165,73.04,76,100,3.0,overcast clouds
409,Boralday,KZ,43.3578,76.8594,64.26,52,75,0.0,broken clouds
410,Komsomolskiy,UZ,40.4272,71.7189,74.12,43,33,2.3,scattered clouds
411,Annau,TM,37.8876,58.516,72.9,49,75,9.22,broken clouds
412,Praia Da Vitoria,PT,38.7333,-27.0667,61.75,94,20,11.9,few clouds
413,Warin Chamrap,TH,15.1932,104.8628,87.04,66,75,3.44,broken clouds
414,Krasnoselkup,RU,65.7,82.4667,22.75,74,4,9.31,clear sky
415,Yebaishou,CN,41.3975,119.6408,56.68,13,0,20.83,clear sky
416,Kathu,TH,7.9178,98.3332,87.69,87,100,5.77,overcast clouds
417,Ust-Ilimsk,RU,58.0006,102.6619,59.23,78,98,9.31,overcast clouds
418,Scarborough,GB,54.2797,-0.4044,42.66,87,14,4.56,few clouds
419,Jonava,LT,55.0833,24.2833,30.25,86,0,1.14,clear sky
420,Marsa Matruh,EG,31.3525,27.2453,63.55,88,1,14.05,clear sky
421,Henties Bay,NA,-22.116,14.2845,59.85,84,0,7.47,clear sky
422,Byron Bay,AU,-28.65,153.6167,79.72,80,97,5.48,overcast clouds
423,Alexandria,EG,31.2156,29.9553,66.16,72,40,11.5,scattered clouds
424,Hamilton,US,39.1834,-84.5333,63.84,42,100,6.91,overcast clouds
425,Calbuco,CL,-41.768,-73.1273,34.81,75,94,6.06,overcast clouds
426,Charters Towers,AU,-20.1,146.2667,84.4,40,22,10.42,few clouds
427,Morro Bay,US,35.3658,-120.8499,66.72,81,12,1.01,few clouds
428,Conde,BR,-7.2597,-34.9075,72.86,100,40,3.44,scattered clouds
429,Kirriemuir,GB,56.674,-3.0034,44.83,88,100,0.65,overcast clouds
430,Villefontaine,FR,45.6125,5.1456,50.0,93,82,1.14,fog
431,Batemans Bay,AU,-35.7167,150.1833,68.09,41,69,8.43,broken clouds
432,Haines Junction,CA,60.7522,-137.5108,44.55,53,34,6.91,scattered clouds
433,Alvorada,BR,-12.48,-49.1247,71.1,58,3,3.83,clear sky
434,Savonlinna,FI,61.8699,28.88,26.65,74,0,1.14,clear sky
435,Maraa,BR,-1.8333,-65.3667,71.74,99,100,1.39,overcast clouds
436,Indi,IN,17.1667,75.9667,96.66,18,13,13.38,few clouds
437,Linxia,CN,35.6003,103.2064,40.53,69,100,2.01,overcast clouds
438,Pak Phanang,TH,8.3511,100.202,89.62,74,99,1.14,overcast clouds
439,Kutum,SD,14.2,24.6667,75.36,14,100,4.9,overcast clouds
440,Ambulu,ID,-8.345,113.6058,85.73,71,99,2.24,overcast clouds
441,Andenes,NO,69.3143,16.1194,31.98,74,100,12.66,overcast clouds
442,Amberieu-En-Bugey,FR,45.9589,5.3432,48.18,95,72,4.25,broken clouds
443,Palafrugell,ES,41.9174,3.1631,60.35,52,67,5.01,broken clouds
444,Ginda,IN,30.6945,78.4932,81.88,18,0,5.53,clear sky
445,Panaba,MX,21.2833,-88.2667,74.16,85,78,8.84,broken clouds
446,Stephenville Crossing,CA,48.5,-58.4318,39.33,81,100,9.22,overcast clouds
447,Hukuntsi,BW,-24.0,21.75,62.67,64,65,8.03,broken clouds
448,Neyshabur,IR,36.2133,58.7958,76.14,26,78,6.93,broken clouds
449,Normandin,CA,48.8333,-72.5321,39.51,55,79,8.05,broken clouds
450,Faanui,PF,-16.4833,-151.75,81.36,72,13,17.05,few clouds
451,Gravdal,NO,68.1214,13.5031,35.73,60,68,15.59,broken clouds
452,Cap Malheureux,MU,-19.9842,57.6142,77.47,69,6,4.0,clear sky
453,Lavrentiya,RU,65.5833,-171.0,31.62,96,99,8.61,light snow
454,Koutiala,ML,12.3917,-5.4642,88.09,38,100,7.38,overcast clouds
455,Lyuban,BY,52.7985,28.0048,39.74,82,72,4.29,broken clouds
456,Den Helder,NL,52.9599,4.7593,48.18,81,100,7.0,overcast clouds
457,Redmond,US,47.674,-122.1215,58.48,65,100,2.13,overcast clouds
458,Suzun,RU,53.7841,82.3116,66.85,31,100,8.5,overcast clouds
459,Malvern,US,34.3623,-92.813,74.12,62,7,10.36,clear sky
460,Spirit River,CA,55.7833,-118.8361,36.03,97,100,1.01,overcast clouds
461,Tautira,PF,-17.7333,-149.15,80.42,74,24,18.37,light rain
462,Novyy Svit,UA,47.8059,38.0211,50.83,64,33,13.29,scattered clouds
463,Meridian,US,43.6121,-116.3915,52.92,41,0,6.91,clear sky
464,Saint-Georges,GD,12.0564,-61.7485,82.08,83,40,19.57,scattered clouds
465,Chongwe,ZM,-15.3292,28.682,54.57,89,0,1.23,clear sky
466,Broome,US,42.2506,-75.833,36.68,67,1,3.0,clear sky
467,Alofi,NU,-19.0595,-169.9187,82.29,83,96,8.05,overcast clouds
468,Kihei,US,20.785,-156.4656,80.62,68,40,25.32,scattered clouds
469,Hurricane,US,37.1753,-113.2899,68.47,20,82,9.64,broken clouds
470,Ketchikan,US,55.3422,-131.6461,50.47,53,40,3.44,scattered clouds
471,Acapulco,MX,16.8634,-99.8901,79.57,74,41,7.56,scattered clouds
472,Altoona,US,40.5187,-78.3947,45.61,74,1,1.92,clear sky
473,Oranjestad,AW,12.524,-70.027,80.55,89,40,18.41,scattered clouds
474,Saint-Joseph,RE,-21.3667,55.6167,75.58,77,20,12.12,few clouds
475,Vung Tau,VN,10.346,107.0843,81.81,76,100,4.97,overcast clouds
476,Caravelas,BR,-17.7125,-39.2481,73.27,85,0,2.51,clear sky
477,Port Keats,AU,-14.25,129.55,90.28,56,81,6.87,broken clouds
478,Hambantota,LK,6.1241,81.1185,86.34,84,20,6.91,few clouds
479,Susangerd,IR,31.5608,48.1831,77.58,49,21,3.2,few clouds
480,Miri,MY,4.4148,114.0089,77.14,94,40,8.05,scattered clouds
481,Verkhnyaya Sinyachikha,RU,57.976,61.6673,38.77,42,13,4.09,few clouds
482,Togur,RU,58.3631,82.8265,43.32,84,100,10.07,overcast clouds
483,Esil,KZ,51.9556,66.4042,67.42,35,62,3.15,broken clouds
484,Kloulklubed,PW,7.0419,134.2556,81.1,76,18,9.48,few clouds
485,Nantucket,US,41.2835,-70.0995,48.31,59,0,12.66,clear sky
486,Podlesnoye,RU,51.8161,47.009,48.36,60,93,7.67,overcast clouds
487,Port-Gentil,GA,-0.7193,8.7815,80.1,82,100,3.31,light rain
488,Durant,US,33.994,-96.3708,75.56,73,0,16.11,clear sky
489,Hirara,JP,24.8,125.2833,79.07,78,75,10.36,broken clouds
490,Nortelandia,BR,-14.4547,-56.8028,73.49,62,58,0.92,broken clouds
491,Ibra,OM,22.6906,58.5334,88.9,29,7,4.72,clear sky
492,Barcelona,ES,41.3888,2.159,62.33,74,0,8.05,clear sky
493,Pasighat,IN,28.0667,95.3333,81.63,57,100,3.06,overcast clouds
494,Umea,SE,63.8284,20.2597,37.33,65,100,3.44,overcast clouds
495,Kanniyakumari,IN,8.0833,77.5667,86.65,73,99,15.66,overcast clouds
496,Soskovo,RU,52.7475,35.3828,38.98,82,88,6.51,overcast clouds
497,Ahipara,NZ,-35.1667,173.1667,66.49,69,47,10.85,scattered clouds
498,Fort Nelson,CA,58.8053,-122.7002,45.99,34,20,4.61,few clouds
499,Litovko,RU,49.2361,135.1742,50.18,40,60,8.88,broken clouds
500,Kahului,US,20.8947,-156.47,80.62,66,40,25.32,scattered clouds
501,Nicoya,CR,10.1483,-85.452,79.54,74,99,3.69,overcast clouds
502,Mozhaysk,RU,55.5019,36.0272,32.02,78,30,6.82,scattered clouds
503,Vetluga,RU,57.8557,45.781,38.86,66,54,9.93,broken clouds
504,Wuwei,CN,37.9281,102.6414,49.14,42,100,5.66,overcast clouds
505,Olinda,BR,-8.0089,-34.8553,76.73,83,40,3.44,scattered clouds
506,Yar-Sale,RU,66.8333,70.8333,25.07,81,100,17.11,overcast clouds
507,Cuamba,MZ,-14.8031,36.5372,58.35,95,19,2.93,few clouds
508,Biltine,TD,14.5333,20.9167,83.08,13,72,5.66,broken clouds
509,Shahreza,IR,32.0339,51.8794,54.64,74,100,1.39,light rain
510,Richards Bay,ZA,-28.783,32.0377,70.79,83,93,15.03,overcast clouds
511,Duku,NG,11.2361,4.9073,86.72,49,100,5.97,overcast clouds
512,Padang,ID,-0.9492,100.3543,87.85,65,82,4.54,broken clouds
513,La Ronge,CA,55.1001,-105.2842,46.65,49,40,4.61,scattered clouds
514,Omboue,GA,-1.5746,9.2618,77.09,91,100,2.91,light rain
515,Argayash,RU,55.4888,60.8767,40.69,43,95,8.88,overcast clouds
516,Kamaishi,JP,39.2667,141.8833,49.78,75,16,2.26,few clouds
517,Guiyang,CN,26.5833,106.7167,55.89,88,100,8.95,overcast clouds
518,Riberalta,BO,-10.9833,-66.1,72.77,90,98,2.62,overcast clouds
519,Asau,RO,46.4333,26.4,41.95,100,22,3.27,few clouds
520,Messina,IT,38.1933,15.5497,64.2,61,0,6.91,clear sky
521,Lorengau,PG,-2.0226,147.2712,83.28,74,85,2.91,overcast clouds
522,Markova,UA,48.6758,24.4138,43.59,91,85,1.54,overcast clouds
523,Port Blair,IN,11.6667,92.75,87.84,70,40,2.3,haze
524,Morehead,US,37.2711,-87.1764,67.98,72,0,5.75,clear sky
525,Flinders,AU,-34.5833,150.8552,68.18,72,100,8.99,overcast clouds
526,Mehamn,NO,71.0357,27.8492,27.86,66,100,22.35,overcast clouds
527,Lubango,AO,-14.9172,13.4925,59.56,67,61,4.07,broken clouds
528,Terme,TR,41.2092,36.9739,54.95,90,68,3.62,broken clouds
529,Naberera,TZ,-4.2,36.9333,58.24,96,71,3.87,broken clouds
530,Puerto Del Rosario,ES,28.5004,-13.8627,64.15,72,0,16.11,clear sky
531,Azanka,RU,58.0401,64.7893,40.32,42,5,3.96,clear sky
532,Tapes,BR,-30.6733,-51.3958,55.8,74,0,3.06,clear sky
533,Sitka,US,57.0531,-135.33,49.89,62,75,4.61,broken clouds
534,Trujillo,PE,-8.116,-79.03,64.36,88,100,4.61,mist
535,Praxedis Guerrero,MX,31.3667,-106.0167,76.46,8,0,6.24,clear sky
536,Havoysund,NO,70.9963,24.6622,28.63,67,100,26.42,light snow
537,Menongue,AO,-14.6585,17.691,55.83,79,4,3.89,clear sky
538,Shenzhen,CN,22.5455,114.0683,80.85,89,100,8.84,overcast clouds
539,Parga,GR,39.2831,20.3964,61.65,68,83,3.06,broken clouds
540,Senovo,SI,46.0236,15.4769,45.39,87,3,2.3,clear sky
541,Kawalu,ID,-7.3817,108.2082,87.62,60,55,3.02,broken clouds
542,Ouahigouya,BF,13.5828,-2.4216,88.43,32,95,5.59,overcast clouds
543,Chimala,TZ,-8.85,34.0167,61.3,89,63,2.86,broken clouds
544,Kaeo,NZ,-35.1,173.7833,62.33,94,56,11.34,broken clouds
545,Igbo Ora,NG,7.4333,3.2833,73.81,92,97,3.27,overcast clouds
546,Ancud,CL,-41.8697,-73.8203,42.58,82,78,1.7,broken clouds
547,San Jose,US,37.3394,-121.895,60.67,56,75,11.5,broken clouds
548,Olafsvik,IS,64.8945,-23.7142,43.48,90,52,7.65,broken clouds
549,Sept-Iles,CA,50.2001,-66.3821,36.12,83,100,13.8,overcast clouds
550,Rurrenabaque,BO,-14.4413,-67.5278,70.34,99,83,2.15,broken clouds
551,Oneida,US,43.2001,-75.4663,41.22,59,0,4.61,clear sky
552,Volksrust,ZA,-27.3654,29.8818,46.0,91,66,3.74,broken clouds
553,Quatre Cocos,MU,-20.2078,57.7625,78.1,69,5,9.95,clear sky
554,Urambo,TZ,-5.0667,32.05,65.68,86,98,2.64,overcast clouds
555,Harlingen,US,26.1906,-97.6961,78.71,90,75,17.27,broken clouds
556,Sexsmith,CA,55.35,-118.786,36.75,87,75,3.44,broken clouds
557,Lujan,AR,-34.5703,-59.105,44.31,82,0,3.04,clear sky
558,Omagari,JP,39.45,140.4833,54.36,46,37,7.29,scattered clouds
559,Taltal,CL,-25.4,-70.4833,61.09,80,100,4.18,overcast clouds
560,Saravena,CO,6.9538,-71.8752,71.47,95,76,2.01,broken clouds
561,Bull Savanna,JM,17.8868,-77.5902,73.78,84,39,8.21,scattered clouds
562,Cortez,US,37.3489,-108.5859,47.16,20,0,0.0,clear sky
563,San Pedro De Uraba,CO,8.2752,-76.3764,76.17,93,100,2.15,overcast clouds
564,Paamiut,GL,61.994,-49.6678,28.15,93,100,17.22,light snow
565,Piacabucu,BR,-10.4056,-36.4344,74.26,78,90,1.83,overcast clouds
566,Zelenoborsk,RU,61.4669,64.0333,35.87,55,3,9.53,clear sky
567,Akdepe,TM,42.0551,59.3788,71.69,21,100,8.57,overcast clouds
568,Ayan,RU,56.45,138.1667,33.89,85,100,4.23,overcast clouds
569,Barcelos,PT,41.5388,-8.6151,58.84,79,8,2.04,clear sky
570,Portmore,JM,17.9702,-76.8672,78.76,81,20,4.61,few clouds
571,Fez,MA,34.0372,-4.9998,52.05,76,0,11.5,clear sky
572,Dakar,SN,14.6937,-17.4441,67.08,100,20,18.41,few clouds
573,Vanimo,PG,-2.6741,141.3028,82.36,74,100,3.11,overcast clouds
574,Iqaluit,CA,63.7506,-68.5145,15.53,67,75,6.91,broken clouds
575,Quelimane,MZ,-17.8786,36.8883,67.95,93,20,3.44,few clouds
576,Hue,VN,16.4667,107.6,80.71,89,75,8.05,broken clouds
577,Launceston,AU,-41.45,147.1667,62.62,53,40,20.71,scattered clouds
578,Mae Sai,TH,20.4335,99.8762,93.47,39,75,4.21,broken clouds
579,Zhaozhou,CN,45.6833,125.3167,37.36,94,100,21.03,overcast clouds
580,Chernyshevskiy,RU,63.0128,112.4714,35.38,99,100,7.38,moderate rain
581,Kashi,CN,39.4547,75.9797,61.81,27,75,13.42,dust
582,Los Llanos De Aridane,ES,28.6585,-17.9182,60.55,92,75,12.66,broken clouds
583,La Palma,US,33.8464,-118.0467,69.96,72,0,8.05,clear sky
584,Sillamae,EE,59.3997,27.7547,35.2,62,18,6.02,few clouds
585,Beeville,US,28.4008,-97.7483,75.97,83,100,11.5,overcast clouds
586,Novobirilyussy,RU,56.9514,90.6661,66.33,51,100,10.07,overcast clouds
587,Matagami,CA,49.7502,-77.6328,32.11,55,0,3.44,clear sky
588,Ixtapa,MX,20.7,-105.2,69.24,56,0,3.02,clear sky
589,Mitsamiouli,KM,-11.3847,43.2844,75.49,94,75,5.75,light rain
590,Tessalit,ML,20.1986,1.0114,75.87,10,0,3.22,clear sky
591,Huilong,CN,31.8111,121.655,56.95,71,100,7.45,overcast clouds
592,Kokkola,FI,63.8385,23.1307,38.03,83,0,5.99,moderate rain
593,Northam,GB,51.0333,-4.2167,42.62,77,100,6.98,overcast clouds
594,Rundu,NA,-17.9333,19.7667,58.44,62,0,4.7,clear sky
595,Atasu,KZ,48.6814,71.6433,69.37,22,91,4.21,overcast clouds
596,Shimoda,JP,34.6667,138.95,61.16,61,70,13.22,broken clouds
597,Dingle,PH,10.9995,122.6711,87.39,64,86,10.42,overcast clouds
598,Ulladulla,AU,-35.35,150.4667,67.77,49,100,9.66,overcast clouds
599,Cururupu,BR,-1.8283,-44.8683,73.98,95,54,2.44,broken clouds
600,Riyadh,SA,24.6877,46.7219,66.34,40,1,6.91,clear sky
601,Dali,CN,25.7,100.1833,76.24,26,2,7.14,clear sky
602,Nouadhibou,MR,20.931,-17.0347,62.58,88,40,19.57,scattered clouds
603,Ostrovnoy,RU,68.0531,39.5131,21.97,85,100,17.92,overcast clouds
604,Yamada,JP,39.4667,141.95,50.45,73,4,1.34,clear sky
605,Kelo,TD,9.3086,15.8066,81.16,57,100,6.22,overcast clouds
606,Saint-Pierre,RE,-21.3393,55.4781,77.29,72,0,0.0,clear sky
607,Lansing,US,42.7325,-84.5555,51.85,28,0,9.22,clear sky
608,Biak,ID,-0.9131,122.8766,81.36,76,93,1.45,overcast clouds
609,Aguilas,ES,37.4063,-1.5829,60.35,56,1,3.65,clear sky
610,Along,IN,28.1667,94.7667,80.44,52,100,0.58,moderate rain
611,Valparaiso,CL,-33.0393,-71.6273,55.47,73,0,4.61,clear sky
612,Adjumani,UG,3.3779,31.7909,64.63,97,100,2.89,overcast clouds
613,Maha Sarakham,TH,16.3333,103.6667,87.62,67,100,0.65,overcast clouds
614,Biloela,AU,-24.4167,150.5,86.04,35,11,5.3,few clouds
615,Ayagoz,KZ,47.9714,80.4392,63.19,23,100,1.14,overcast clouds
616,Vagay,RU,57.9375,69.0217,37.9,46,7,7.38,clear sky
617,Sindal,DK,57.4712,10.2031,37.13,80,78,2.93,broken clouds
618,Noyabrsk,RU,63.1994,75.4507,25.84,82,73,6.71,broken clouds
619,Kanelovskaya,RU,46.5908,39.19,54.41,79,95,8.19,light rain
620,Santa Cruz Del Sur,CU,20.7147,-77.9956,74.71,71,43,13.0,light rain
621,Bone,DE,51.9669,12.1396,46.81,84,100,6.78,overcast clouds
622,Mayskiy,RU,47.6931,40.1025,47.61,63,98,8.28,overcast clouds
623,Amahai,ID,-3.3333,128.9167,85.8,66,48,4.92,scattered clouds
624,Amazar,RU,53.858,120.875,44.42,29,94,4.16,overcast clouds
625,Santa Rosa,PH,14.3122,121.1114,91.38,67,100,11.68,overcast clouds
626,Ulaangom,MN,49.9811,92.0667,60.84,18,17,7.94,few clouds
627,Kuryk,KZ,43.2,51.65,61.07,73,100,12.33,overcast clouds
628,Mocajuba,BR,-2.5842,-49.5072,73.36,99,100,3.38,overcast clouds
629,San Patricio,US,28.017,-97.5169,77.09,86,6,14.92,clear sky
630,Monrovia,LR,6.3005,-10.7969,76.77,81,87,5.01,light rain
631,Pa Sang,TH,18.5262,98.9394,94.01,34,93,2.89,overcast clouds
632,Awbari,LY,26.5921,12.7805,71.1,23,0,11.25,clear sky
633,Honiara,SB,-9.4333,159.95,83.84,75,100,2.26,overcast clouds
634,Boguchany,RU,58.3814,97.4531,62.01,73,66,9.93,broken clouds
635,Kentau,KZ,43.5206,68.5094,77.29,34,21,6.22,few clouds
636,Sadiqabad,PK,28.3062,70.1307,102.78,10,0,6.6,clear sky
637,Soverato,IT,38.685,16.5499,57.16,58,93,5.59,overcast clouds
638,Magog,CA,45.2668,-72.1491,41.7,48,54,2.3,broken clouds
639,Zyryanskoye,RU,56.8306,86.6258,65.55,52,100,11.54,overcast clouds
640,Sakakah,SA,29.9697,40.2064,67.57,43,40,9.4,scattered clouds
641,Todos Santos,MX,23.45,-110.2167,62.65,78,8,8.14,clear sky
642,San Vicente,AR,-26.6167,-54.1333,58.32,98,87,3.2,overcast clouds
643,Madera,US,37.1666,-119.8343,67.44,43,5,4.59,clear sky
644,Payette,US,44.0782,-116.9338,49.86,45,33,5.97,scattered clouds
645,Leh,IN,34.1667,77.5833,47.48,45,52,1.7,broken clouds
646,Asheville,US,35.6009,-82.554,60.69,70,88,2.24,overcast clouds
647,Galbshtadt,RU,53.2264,78.9845,68.36,28,79,11.45,broken clouds
648,Luwuk,ID,-0.9516,122.7875,83.89,77,96,1.86,overcast clouds
649,Majagual,CO,8.5389,-74.6204,75.52,93,87,2.28,overcast clouds
650,Dillon,US,34.4166,-79.3712,66.45,73,58,4.07,broken clouds
651,Bellavista,PE,-7.0561,-76.5911,69.64,98,100,1.52,overcast clouds
652,Svay Rieng,KH,11.0879,105.7993,86.0,60,68,3.78,broken clouds
653,Port Hedland,AU,-20.3167,118.5667,80.65,50,100,16.11,overcast clouds
654,Vila,PT,42.0304,-8.1588,54.7,76,13,2.75,few clouds
655,Pasni,PK,25.2631,63.471,85.86,68,0,15.48,clear sky
656,Puerto El Triunfo,SV,13.2833,-88.55,80.24,82,48,4.72,scattered clouds
657,Ndele,CF,8.4109,20.6473,73.69,73,100,5.68,overcast clouds
658,Mount Gambier,AU,-37.8333,140.7667,62.51,59,75,18.41,broken clouds
659,Alakurtti,RU,66.9672,30.3491,27.75,78,95,7.14,overcast clouds
660,Sovetskaya Gavan,RU,48.9723,140.2878,39.6,55,98,7.49,overcast clouds
661,Kabalo,CD,-6.05,26.9167,67.84,98,94,2.93,overcast clouds
662,Samarai,PG,-10.6167,150.6667,83.53,74,52,8.68,broken clouds
663,Kunming,CN,25.0389,102.7183,71.53,43,20,11.18,few clouds
664,Chernigovka,RU,44.3389,132.5728,51.84,51,100,23.35,light rain
665,Mangit,UZ,40.5971,70.9607,77.83,35,68,0.94,broken clouds
666,Chissamba,AO,-12.1667,17.3333,57.0,82,40,4.16,scattered clouds
667,Mandiana,GN,10.6333,-8.6833,81.7,56,98,1.52,overcast clouds
668,Kedrovyy,RU,56.1667,91.8167,70.21,51,98,9.64,overcast clouds
669,Karratha,AU,-20.7377,116.8463,80.13,50,99,19.95,overcast clouds
670,Tazovskiy,RU,67.4667,78.7,21.83,84,31,15.99,scattered clouds
671,Alacranes,CU,22.7675,-81.5675,71.51,65,0,7.83,clear sky
672,Ornskoldsvik,SE,63.2909,18.7153,36.55,75,100,13.8,overcast clouds
673,Usinsk,RU,65.9939,57.5281,22.12,80,92,12.28,overcast clouds
674,Fairbanks,US,64.8378,-147.7164,58.96,31,0,0.0,clear sky
675,Muravlenko,RU,63.7898,74.523,22.95,80,28,9.64,scattered clouds
676,Yatou,CN,37.15,122.3833,57.06,47,100,16.42,overcast clouds
677,Dudinka,RU,69.4058,86.1778,16.63,92,100,12.08,overcast clouds
678,Eureka,US,40.8021,-124.1637,56.93,69,100,3.47,overcast clouds
679,Pechenga,RU,69.5259,31.1703,24.06,89,99,15.46,overcast clouds
680,Ormara,PK,25.2088,64.6357,85.37,71,0,18.95,clear sky
681,Lazaro Cardenas,MX,17.9583,-102.2,75.78,76,8,4.27,clear sky
682,Rybinsk,RU,58.0446,38.8426,30.2,86,98,10.76,overcast clouds
683,Aginskoye,RU,51.1,114.53,49.73,23,84,12.21,broken clouds
684,Puro,PH,12.4841,123.3827,87.04,63,78,8.23,broken clouds
685,Phalaborwa,ZA,-23.943,31.1411,63.68,51,0,6.64,clear sky
686,San Javier,ES,37.8063,-0.8374,56.68,90,1,4.61,clear sky
687,Panguna,PG,-6.3164,155.4848,75.45,85,56,1.72,moderate rain
688,Marsabit,KE,2.3284,37.9899,65.3,85,10,10.76,clear sky
689,Pingliang,CN,35.5392,106.6861,52.21,20,97,17.81,overcast clouds
690,Porto Belo,BR,-27.1578,-48.5531,68.9,73,100,8.99,overcast clouds
691,Bicas,BR,-21.7253,-43.0594,62.04,99,26,4.59,scattered clouds
692,Dhidhdhoo,MV,6.8833,73.1,85.86,72,45,10.96,scattered clouds
693,Poso,ID,-1.3959,120.7524,85.91,67,55,3.49,broken clouds
694,Aksu,CN,41.1231,80.2644,64.15,26,96,6.04,overcast clouds
695,Kara,TG,9.5511,1.1861,75.25,74,100,2.39,overcast clouds
696,Sioux Lookout,CA,50.1001,-91.917,39.27,75,100,5.75,moderate rain
697,Tura,IN,25.5198,90.2201,83.41,58,98,2.75,overcast clouds
698,Diego De Almagro,CL,-26.3667,-70.05,58.23,58,99,1.99,overcast clouds
699,Santa Isabel Do Rio Negro,BR,-0.4139,-65.0192,70.09,99,100,0.47,overcast clouds
700,Lastoursville,GA,-0.8143,12.7287,71.1,97,100,0.69,overcast clouds
701,Flagstaff,US,35.1981,-111.6513,52.18,20,0,3.44,clear sky
702,Riachao,BR,-7.3619,-46.6172,73.62,72,84,3.06,broken clouds
703,Gazli,UZ,40.1333,63.45,80.62,17,4,8.21,clear sky
704,Palora,EC,-1.7,-77.9333,65.53,99,100,1.54,moderate rain
705,Comarapa,BO,-17.9,-64.4833,53.08,96,90,1.39,overcast clouds
706,Barinas,VE,8.6226,-70.2075,78.84,100,95,0.0,overcast clouds
707,Jieshi,CN,22.8134,115.8257,81.95,77,100,18.68,overcast clouds
708,Ranot,TH,7.7777,100.3213,82.67,71,100,2.1,overcast clouds
709,Acarau,BR,-2.8856,-40.12,78.19,83,100,7.7,overcast clouds
710,Nanortalik,GL,60.1432,-45.2371,37.54,88,82,4.14,broken clouds
